X,Y,AHCA_number,Name,Licensed_Beds,HFID,WORKER
-87.211274,30.47511,100025,ASCENSION SACRED HEART PENSACOLA,566,1,4528
-87.23176,30.428708,100093,BAPTIST HOSPITAL,492,2,3936
-87.217065,30.515089,100231,WEST FLORIDA HOSPITAL,515,3,4120
-87.216352,30.479081,23960076,SELECT SPECIALTY HOSPITAL PENSACOLA,75,4,600
